{
  "units": 160,
  "dropout": 0.1622550598291122,
  "learning_rate": 0.001845494324882956,
  "batch_size": 16
}